/*
 Navicat Premium Data Transfer

 Source Server         : 192.168.20.30
 Source Server Type    : MySQL
 Source Server Version : 50725
 Source Host           : 192.168.20.30:3306
 Source Schema         : oauth

 Target Server Type    : MySQL
 Target Server Version : 50725
 File Encoding         : 65001

 Date: 21/02/2019 14:30:34
*/

SET NAMES utf8mb4;
SET FOREIGN_KEY_CHECKS = 0;

-- ----------------------------
-- Table structure for oauth_access_token
-- ----------------------------
DROP TABLE IF EXISTS `oauth_access_token`;
CREATE TABLE `oauth_access_token`  (
  `token_id` varchar(256) CHARACTER SET utf8 COLLATE utf8_general_ci NULL DEFAULT NULL,
  `token` blob NULL,
  `authentication_id` varchar(250) CHARACTER SET utf8 COLLATE utf8_general_ci NOT NULL,
  `user_name` varchar(256) CHARACTER SET utf8 COLLATE utf8_general_ci NULL DEFAULT NULL,
  `client_id` varchar(256) CHARACTER SET utf8 COLLATE utf8_general_ci NULL DEFAULT NULL,
  `authentication` blob NULL,
  `refresh_token` varchar(256) CHARACTER SET utf8 COLLATE utf8_general_ci NULL DEFAULT NULL,
  `create_time` datetime(0) NULL DEFAULT CURRENT_TIMESTAMP,
  PRIMARY KEY (`authentication_id`) USING BTREE
) ENGINE = InnoDB CHARACTER SET = utf8 COLLATE = utf8_general_ci ROW_FORMAT = Dynamic;

-- ----------------------------
-- Records of oauth_access_token
-- ----------------------------
INSERT INTO `oauth_access_token` VALUES ('ccaca880a4e9a4382c49215c8dbb6bb5', 0xACED0005737200436F72672E737072696E676672616D65776F726B2E73656375726974792E6F61757468322E636F6D6D6F6E2E44656661756C744F4175746832416363657373546F6B656E0CB29E361B24FACE0200064C00156164646974696F6E616C496E666F726D6174696F6E74000F4C6A6176612F7574696C2F4D61703B4C000A65787069726174696F6E7400104C6A6176612F7574696C2F446174653B4C000C72656672657368546F6B656E74003F4C6F72672F737072696E676672616D65776F726B2F73656375726974792F6F61757468322F636F6D6D6F6E2F4F417574683252656672657368546F6B656E3B4C000573636F706574000F4C6A6176612F7574696C2F5365743B4C0009746F6B656E547970657400124C6A6176612F6C616E672F537472696E673B4C000576616C756571007E000578707372001E6A6176612E7574696C2E436F6C6C656374696F6E7324456D7074794D6170593614855ADCE7D002000078707372000E6A6176612E7574696C2E44617465686A81014B597419030000787077080000016913A06D53787372004C6F72672E737072696E676672616D65776F726B2E73656375726974792E6F61757468322E636F6D6D6F6E2E44656661756C744578706972696E674F417574683252656672657368546F6B656E2FDF47639DD0C9B70200014C000A65787069726174696F6E71007E0002787200446F72672E737072696E676672616D65776F726B2E73656375726974792E6F61757468322E636F6D6D6F6E2E44656661756C744F417574683252656672657368546F6B656E73E10E0A6354D45E0200014C000576616C756571007E0005787074002437306235336263632D623237632D343362622D623936362D3939333230633637306666617371007E0009770800000169A8F8D95278737200256A6176612E7574696C2E436F6C6C656374696F6E7324556E6D6F6469666961626C65536574801D92D18F9B80550200007872002C6A6176612E7574696C2E436F6C6C656374696F6E7324556E6D6F6469666961626C65436F6C6C656374696F6E19420080CB5EF71E0200014C0001637400164C6A6176612F7574696C2F436F6C6C656374696F6E3B7870737200176A6176612E7574696C2E4C696E6B656448617368536574D86CD75A95DD2A1E020000787200116A6176612E7574696C2E48617368536574BA44859596B8B7340300007870770C000000103F40000000000001740004726561647874000662656172657274002462666136643232632D343631352D343534612D383364312D613631636163323932656362, '5f4d3115e7000964f0d8f5bd3b7dbeae', 'test2', 'weibo', 0xACED0005737200416F72672E737072696E676672616D65776F726B2E73656375726974792E6F61757468322E70726F76696465722E4F417574683241757468656E7469636174696F6EBD400B02166252130200024C000D73746F7265645265717565737474003C4C6F72672F737072696E676672616D65776F726B2F73656375726974792F6F61757468322F70726F76696465722F4F4175746832526571756573743B4C00127573657241757468656E7469636174696F6E7400324C6F72672F737072696E676672616D65776F726B2F73656375726974792F636F72652F41757468656E7469636174696F6E3B787200476F72672E737072696E676672616D65776F726B2E73656375726974792E61757468656E7469636174696F6E2E416273747261637441757468656E7469636174696F6E546F6B656ED3AA287E6E47640E0200035A000D61757468656E746963617465644C000B617574686F7269746965737400164C6A6176612F7574696C2F436F6C6C656374696F6E3B4C000764657461696C737400124C6A6176612F6C616E672F4F626A6563743B787000737200266A6176612E7574696C2E436F6C6C656374696F6E7324556E6D6F6469666961626C654C697374FC0F2531B5EC8E100200014C00046C6973747400104C6A6176612F7574696C2F4C6973743B7872002C6A6176612E7574696C2E436F6C6C656374696F6E7324556E6D6F6469666961626C65436F6C6C656374696F6E19420080CB5EF71E0200014C00016371007E00047870737200136A6176612E7574696C2E41727261794C6973747881D21D99C7619D03000149000473697A65787000000015770400000015737200426F72672E737072696E676672616D65776F726B2E73656375726974792E636F72652E617574686F726974792E53696D706C654772616E746564417574686F7269747900000000000001A40200014C0004726F6C657400124C6A6176612F6C616E672F537472696E673B787074000A524F4C455F61646D696E7371007E000D74000A524F4C455F73757065727371007E000D740009524F4C455F757365727371007E000D740006617069646F637371007E000D74000B636F6D70616E794C6973747371007E000D74000C64617461626173652F6C6F677371007E000D7400086D656E752F6164647371007E000D74000B6D656E752F64656C6574657371007E000D7400096D656E752F656469747371007E000D7400096D656E752F6C6973747371007E000D740008726F6C652F6164647371007E000D74000B726F6C652F64656C6574657371007E000D740009726F6C652F656469747371007E000D74000F726F6C652F7065726D697373696F6E7371007E000D740008726F6C654C6973747371007E000D74000673797374656D7371007E000D740008757365722F6164647371007E000D74000B757365722F64656C6574657371007E000D740009757365722F656469747371007E000D740009757365722F766965777371007E000D740008757365724C6973747871007E000C707372003A6F72672E737072696E676672616D65776F726B2E73656375726974792E6F61757468322E70726F76696465722E4F41757468325265717565737400000000000000010200075A0008617070726F7665644C000B617574686F72697469657371007E00044C000A657874656E73696F6E7374000F4C6A6176612F7574696C2F4D61703B4C000B726564697265637455726971007E000E4C00077265667265736874003B4C6F72672F737072696E676672616D65776F726B2F73656375726974792F6F61757468322F70726F76696465722F546F6B656E526571756573743B4C000B7265736F7572636549647374000F4C6A6176612F7574696C2F5365743B4C000D726573706F6E7365547970657371007E003C787200386F72672E737072696E676672616D65776F726B2E73656375726974792E6F61757468322E70726F76696465722E426173655265717565737436287A3EA37169BD0200034C0008636C69656E74496471007E000E4C001172657175657374506172616D657465727371007E003A4C000573636F706571007E003C7870740005776569626F737200256A6176612E7574696C2E436F6C6C656374696F6E7324556E6D6F6469666961626C654D6170F1A5A8FE74F507420200014C00016D71007E003A7870737200116A6176612E7574696C2E486173684D61700507DAC1C31660D103000246000A6C6F6164466163746F724900097468726573686F6C6478703F4000000000000C77080000001000000007740004636F646574000637736E586D3574000A6772616E745F74797065740012617574686F72697A6174696F6E5F636F646574000573636F70657400047265616474000D726573706F6E73655F74797065740004636F646574000C72656469726563745F75726974001B687474703A2F2F6C6F63616C686F73743A383038302F6C6F67696E74000D636C69656E745F7365637265747400307170706F4C584B594669394F43795431523878736841786C706B4267317562686571696F6C72364A447856676B54307A740009636C69656E745F6964740005776569626F78737200256A6176612E7574696C2E436F6C6C656374696F6E7324556E6D6F6469666961626C65536574801D92D18F9B80550200007871007E0009737200176A6176612E7574696C2E4C696E6B656448617368536574D86CD75A95DD2A1E020000787200116A6176612E7574696C2E48617368536574BA44859596B8B7340300007870770C000000103F4000000000000171007E004978017371007E0055770C000000103F40000000000000787371007E00423F40000000000000770800000010000000007874001B687474703A2F2F6C6F63616C686F73743A383038302F6C6F67696E707371007E0055770C000000103F40000000000000787371007E0055770C000000103F4000000000000171007E004B787372004F6F72672E737072696E676672616D65776F726B2E73656375726974792E61757468656E7469636174696F6E2E557365726E616D6550617373776F726441757468656E7469636174696F6E546F6B656E00000000000001A40200024C000B63726564656E7469616C7371007E00054C00097072696E636970616C71007E00057871007E0003017371007E00077371007E000B0000001577040000001571007E000F71007E001171007E001371007E001571007E001771007E001971007E001B71007E001D71007E001F71007E002171007E002371007E002571007E002771007E002971007E002B71007E002D71007E002F71007E003171007E003371007E003571007E00377871007E005F737200486F72672E737072696E676672616D65776F726B2E73656375726974792E7765622E61757468656E7469636174696F6E2E57656241757468656E7469636174696F6E44657461696C7300000000000001A40200024C000D72656D6F74654164647265737371007E000E4C000973657373696F6E496471007E000E787074000F303A303A303A303A303A303A303A3174002033363136423238334234333831343638424636373242303044414234313246337073720027636F6D2E77796E2E636F6D6D6F6E2E656E746974792E437573746F6D5573657244657461696C73DF3A0282A4CB77E10200014C0004757365727400224C636F6D2F77796E2F636F6D6D6F6E2F656E746974792F55736572456E746974793B787200326F72672E737072696E676672616D65776F726B2E73656375726974792E636F72652E7573657264657461696C732E5573657200000000000001A40200075A00116163636F756E744E6F6E457870697265645A00106163636F756E744E6F6E4C6F636B65645A001563726564656E7469616C734E6F6E457870697265645A0007656E61626C65644C000B617574686F72697469657371007E003C4C000870617373776F726471007E000E4C0008757365726E616D6571007E000E7870010101017371007E0052737200116A6176612E7574696C2E54726565536574DD98509395ED875B0300007870737200466F72672E737072696E676672616D65776F726B2E73656375726974792E636F72652E7573657264657461696C732E5573657224417574686F72697479436F6D70617261746F7200000000000001A4020000787077040000001571007E000F71007E001171007E001371007E001571007E001771007E001971007E001B71007E001D71007E001F71007E002171007E002371007E002571007E002771007E002971007E002B71007E002D71007E002F71007E003171007E003371007E003571007E00377870740005746573743273720020636F6D2E77796E2E636F6D6D6F6E2E656E746974792E55736572456E74697479BDEB20192755AB5702000D49000269644C000661766174617271007E000E4C000862697274686461797400104C6A6176612F7574696C2F446174653B4C000A63726561746554696D6571007E006F4C0005656D61696C71007E000E4C00046E616D6571007E000E4C000870617373776F726471007E000E4C000570686F6E6571007E000E4C000473616C7471007E000E4C00037365787400134C6A6176612F6C616E672F496E74656765723B4C000673746174757371007E00704C000A75706461746554696D6571007E006F4C0008757365726E616D6571007E000E787000000005707070707074003C2432612431302432596D7238795452647633466870367457384C496B755444574D303171536270536648726870516278547430334150724851545A79707070707071007E006D, 'd3a500dfac35557528b46278af88cc6d', '2019-02-21 21:14:35');

-- ----------------------------
-- Table structure for oauth_client_details
-- ----------------------------
DROP TABLE IF EXISTS `oauth_client_details`;
CREATE TABLE `oauth_client_details`  (
  `client_id` varchar(250) CHARACTER SET utf8 COLLATE utf8_general_ci NOT NULL,
  `resource_ids` varchar(256) CHARACTER SET utf8 COLLATE utf8_general_ci NULL DEFAULT NULL,
  `client_secret` varchar(256) CHARACTER SET utf8 COLLATE utf8_general_ci NULL DEFAULT NULL,
  `scope` varchar(256) CHARACTER SET utf8 COLLATE utf8_general_ci NULL DEFAULT NULL,
  `authorized_grant_types` varchar(256) CHARACTER SET utf8 COLLATE utf8_general_ci NULL DEFAULT NULL,
  `web_server_redirect_uri` varchar(256) CHARACTER SET utf8 COLLATE utf8_general_ci NULL DEFAULT NULL,
  `authorities` varchar(256) CHARACTER SET utf8 COLLATE utf8_general_ci NULL DEFAULT NULL,
  `access_token_validity` int(11) NULL DEFAULT NULL,
  `refresh_token_validity` int(11) NULL DEFAULT NULL,
  `additional_information` varchar(4096) CHARACTER SET utf8 COLLATE utf8_general_ci NULL DEFAULT NULL,
  `autoapprove` varchar(256) CHARACTER SET utf8 COLLATE utf8_general_ci NULL DEFAULT NULL,
  PRIMARY KEY (`client_id`) USING BTREE
) ENGINE = InnoDB CHARACTER SET = utf8 COLLATE = utf8_general_ci ROW_FORMAT = Dynamic;

-- ----------------------------
-- Records of oauth_client_details
-- ----------------------------
INSERT INTO `oauth_client_details` VALUES ('qq', NULL, 'gVhqXzkmUueV0Y5kA2uGtTXRh0aJem4AfExNF5smsYINfViB', 'all', 'password,refresh_token,implicit,authorization_code', 'http://localhost:8080/sayHello', NULL, NULL, NULL, NULL, NULL);
INSERT INTO `oauth_client_details` VALUES ('weibo', NULL, 'qppoLXKYFi9OCyT1R8xshAxlpkBg1ubheqiolr6JDxVgkT0z', 'read,writer', 'password,refresh_token,implicit,authorization_code', 'http://localhost:8080/login', NULL, NULL, NULL, NULL, NULL);

-- ----------------------------
-- Table structure for oauth_client_token
-- ----------------------------
DROP TABLE IF EXISTS `oauth_client_token`;
CREATE TABLE `oauth_client_token`  (
  `create_time` datetime(0) NULL DEFAULT CURRENT_TIMESTAMP,
  `token_id` varchar(255) CHARACTER SET utf8 COLLATE utf8_general_ci NULL DEFAULT NULL,
  `token` blob NULL,
  `authentication_id` varchar(0) CHARACTER SET utf8 COLLATE utf8_general_ci NULL DEFAULT NULL,
  `user_name` varchar(255) CHARACTER SET utf8 COLLATE utf8_general_ci NULL DEFAULT NULL,
  `client_id` int(11) NULL DEFAULT NULL
) ENGINE = InnoDB CHARACTER SET = utf8 COLLATE = utf8_general_ci ROW_FORMAT = Dynamic;

-- ----------------------------
-- Table structure for oauth_code
-- ----------------------------
DROP TABLE IF EXISTS `oauth_code`;
CREATE TABLE `oauth_code`  (
  `code` varchar(255) CHARACTER SET utf8 COLLATE utf8_general_ci NULL DEFAULT NULL,
  `authentication` blob NULL,
  `create_time` datetime(0) NULL DEFAULT CURRENT_TIMESTAMP ON UPDATE CURRENT_TIMESTAMP(0)
) ENGINE = InnoDB CHARACTER SET = utf8 COLLATE = utf8_general_ci ROW_FORMAT = Dynamic;

-- ----------------------------
-- Table structure for oauth_refresh_token
-- ----------------------------
DROP TABLE IF EXISTS `oauth_refresh_token`;
CREATE TABLE `oauth_refresh_token`  (
  `token_id` varchar(256) CHARACTER SET utf8 COLLATE utf8_general_ci NULL DEFAULT NULL,
  `token` blob NULL,
  `authentication` blob NULL,
  `create_time` datetime(0) NULL DEFAULT CURRENT_TIMESTAMP
) ENGINE = InnoDB CHARACTER SET = utf8 COLLATE = utf8_general_ci ROW_FORMAT = Dynamic;

-- ----------------------------
-- Records of oauth_refresh_token
-- ----------------------------
INSERT INTO `oauth_refresh_token` VALUES ('d3a500dfac35557528b46278af88cc6d', 0xACED00057372004C6F72672E737072696E676672616D65776F726B2E73656375726974792E6F61757468322E636F6D6D6F6E2E44656661756C744578706972696E674F417574683252656672657368546F6B656E2FDF47639DD0C9B70200014C000A65787069726174696F6E7400104C6A6176612F7574696C2F446174653B787200446F72672E737072696E676672616D65776F726B2E73656375726974792E6F61757468322E636F6D6D6F6E2E44656661756C744F417574683252656672657368546F6B656E73E10E0A6354D45E0200014C000576616C75657400124C6A6176612F6C616E672F537472696E673B787074002437306235336263632D623237632D343362622D623936362D3939333230633637306666617372000E6A6176612E7574696C2E44617465686A81014B5974190300007870770800000169A8F8D95278, 0xACED0005737200416F72672E737072696E676672616D65776F726B2E73656375726974792E6F61757468322E70726F76696465722E4F417574683241757468656E7469636174696F6EBD400B02166252130200024C000D73746F7265645265717565737474003C4C6F72672F737072696E676672616D65776F726B2F73656375726974792F6F61757468322F70726F76696465722F4F4175746832526571756573743B4C00127573657241757468656E7469636174696F6E7400324C6F72672F737072696E676672616D65776F726B2F73656375726974792F636F72652F41757468656E7469636174696F6E3B787200476F72672E737072696E676672616D65776F726B2E73656375726974792E61757468656E7469636174696F6E2E416273747261637441757468656E7469636174696F6E546F6B656ED3AA287E6E47640E0200035A000D61757468656E746963617465644C000B617574686F7269746965737400164C6A6176612F7574696C2F436F6C6C656374696F6E3B4C000764657461696C737400124C6A6176612F6C616E672F4F626A6563743B787000737200266A6176612E7574696C2E436F6C6C656374696F6E7324556E6D6F6469666961626C654C697374FC0F2531B5EC8E100200014C00046C6973747400104C6A6176612F7574696C2F4C6973743B7872002C6A6176612E7574696C2E436F6C6C656374696F6E7324556E6D6F6469666961626C65436F6C6C656374696F6E19420080CB5EF71E0200014C00016371007E00047870737200136A6176612E7574696C2E41727261794C6973747881D21D99C7619D03000149000473697A65787000000015770400000015737200426F72672E737072696E676672616D65776F726B2E73656375726974792E636F72652E617574686F726974792E53696D706C654772616E746564417574686F7269747900000000000001A40200014C0004726F6C657400124C6A6176612F6C616E672F537472696E673B787074000A524F4C455F61646D696E7371007E000D74000A524F4C455F73757065727371007E000D740009524F4C455F757365727371007E000D740006617069646F637371007E000D74000B636F6D70616E794C6973747371007E000D74000C64617461626173652F6C6F677371007E000D7400086D656E752F6164647371007E000D74000B6D656E752F64656C6574657371007E000D7400096D656E752F656469747371007E000D7400096D656E752F6C6973747371007E000D740008726F6C652F6164647371007E000D74000B726F6C652F64656C6574657371007E000D740009726F6C652F656469747371007E000D74000F726F6C652F7065726D697373696F6E7371007E000D740008726F6C654C6973747371007E000D74000673797374656D7371007E000D740008757365722F6164647371007E000D74000B757365722F64656C6574657371007E000D740009757365722F656469747371007E000D740009757365722F766965777371007E000D740008757365724C6973747871007E000C707372003A6F72672E737072696E676672616D65776F726B2E73656375726974792E6F61757468322E70726F76696465722E4F41757468325265717565737400000000000000010200075A0008617070726F7665644C000B617574686F72697469657371007E00044C000A657874656E73696F6E7374000F4C6A6176612F7574696C2F4D61703B4C000B726564697265637455726971007E000E4C00077265667265736874003B4C6F72672F737072696E676672616D65776F726B2F73656375726974792F6F61757468322F70726F76696465722F546F6B656E526571756573743B4C000B7265736F7572636549647374000F4C6A6176612F7574696C2F5365743B4C000D726573706F6E7365547970657371007E003C787200386F72672E737072696E676672616D65776F726B2E73656375726974792E6F61757468322E70726F76696465722E426173655265717565737436287A3EA37169BD0200034C0008636C69656E74496471007E000E4C001172657175657374506172616D657465727371007E003A4C000573636F706571007E003C7870740005776569626F737200256A6176612E7574696C2E436F6C6C656374696F6E7324556E6D6F6469666961626C654D6170F1A5A8FE74F507420200014C00016D71007E003A7870737200116A6176612E7574696C2E486173684D61700507DAC1C31660D103000246000A6C6F6164466163746F724900097468726573686F6C6478703F4000000000000C77080000001000000007740004636F646574000637736E586D3574000A6772616E745F74797065740012617574686F72697A6174696F6E5F636F646574000573636F70657400047265616474000D726573706F6E73655F74797065740004636F646574000C72656469726563745F75726974001B687474703A2F2F6C6F63616C686F73743A383038302F6C6F67696E74000D636C69656E745F7365637265747400307170706F4C584B594669394F43795431523878736841786C706B4267317562686571696F6C72364A447856676B54307A740009636C69656E745F6964740005776569626F78737200256A6176612E7574696C2E436F6C6C656374696F6E7324556E6D6F6469666961626C65536574801D92D18F9B80550200007871007E0009737200176A6176612E7574696C2E4C696E6B656448617368536574D86CD75A95DD2A1E020000787200116A6176612E7574696C2E48617368536574BA44859596B8B7340300007870770C000000103F4000000000000171007E004978017371007E0055770C000000103F40000000000000787371007E00423F40000000000000770800000010000000007874001B687474703A2F2F6C6F63616C686F73743A383038302F6C6F67696E707371007E0055770C000000103F40000000000000787371007E0055770C000000103F4000000000000171007E004B787372004F6F72672E737072696E676672616D65776F726B2E73656375726974792E61757468656E7469636174696F6E2E557365726E616D6550617373776F726441757468656E7469636174696F6E546F6B656E00000000000001A40200024C000B63726564656E7469616C7371007E00054C00097072696E636970616C71007E00057871007E0003017371007E00077371007E000B0000001577040000001571007E000F71007E001171007E001371007E001571007E001771007E001971007E001B71007E001D71007E001F71007E002171007E002371007E002571007E002771007E002971007E002B71007E002D71007E002F71007E003171007E003371007E003571007E00377871007E005F737200486F72672E737072696E676672616D65776F726B2E73656375726974792E7765622E61757468656E7469636174696F6E2E57656241757468656E7469636174696F6E44657461696C7300000000000001A40200024C000D72656D6F74654164647265737371007E000E4C000973657373696F6E496471007E000E787074000F303A303A303A303A303A303A303A3174002033363136423238334234333831343638424636373242303044414234313246337073720027636F6D2E77796E2E636F6D6D6F6E2E656E746974792E437573746F6D5573657244657461696C73DF3A0282A4CB77E10200014C0004757365727400224C636F6D2F77796E2F636F6D6D6F6E2F656E746974792F55736572456E746974793B787200326F72672E737072696E676672616D65776F726B2E73656375726974792E636F72652E7573657264657461696C732E5573657200000000000001A40200075A00116163636F756E744E6F6E457870697265645A00106163636F756E744E6F6E4C6F636B65645A001563726564656E7469616C734E6F6E457870697265645A0007656E61626C65644C000B617574686F72697469657371007E003C4C000870617373776F726471007E000E4C0008757365726E616D6571007E000E7870010101017371007E0052737200116A6176612E7574696C2E54726565536574DD98509395ED875B0300007870737200466F72672E737072696E676672616D65776F726B2E73656375726974792E636F72652E7573657264657461696C732E5573657224417574686F72697479436F6D70617261746F7200000000000001A4020000787077040000001571007E000F71007E001171007E001371007E001571007E001771007E001971007E001B71007E001D71007E001F71007E002171007E002371007E002571007E002771007E002971007E002B71007E002D71007E002F71007E003171007E003371007E003571007E00377870740005746573743273720020636F6D2E77796E2E636F6D6D6F6E2E656E746974792E55736572456E74697479BDEB20192755AB5702000D49000269644C000661766174617271007E000E4C000862697274686461797400104C6A6176612F7574696C2F446174653B4C000A63726561746554696D6571007E006F4C0005656D61696C71007E000E4C00046E616D6571007E000E4C000870617373776F726471007E000E4C000570686F6E6571007E000E4C000473616C7471007E000E4C00037365787400134C6A6176612F6C616E672F496E74656765723B4C000673746174757371007E00704C000A75706461746554696D6571007E006F4C0008757365726E616D6571007E000E787000000005707070707074003C2432612431302432596D7238795452647633466870367457384C496B755444574D303171536270536648726870516278547430334150724851545A79707070707071007E006D, '2019-02-21 21:14:35');

-- ----------------------------
-- Table structure for oauth_user
-- ----------------------------
DROP TABLE IF EXISTS `oauth_user`;
CREATE TABLE `oauth_user`  (
  `id` int(11) NOT NULL AUTO_INCREMENT,
  `avatar` varchar(255) CHARACTER SET utf8 COLLATE utf8_general_ci NULL DEFAULT NULL,
  `username` varchar(45) CHARACTER SET utf8 COLLATE utf8_general_ci NULL DEFAULT NULL,
  `password` varchar(96) CHARACTER SET utf8 COLLATE utf8_general_ci NULL DEFAULT NULL,
  `salt` varchar(45) CHARACTER SET utf8 COLLATE utf8_general_ci NULL DEFAULT NULL,
  `name` varchar(45) CHARACTER SET utf8 COLLATE utf8_general_ci NULL DEFAULT NULL,
  `birthday` datetime(0) NULL DEFAULT NULL,
  `sex` int(11) NULL DEFAULT NULL,
  `email` varchar(45) CHARACTER SET utf8 COLLATE utf8_general_ci NULL DEFAULT NULL,
  `phone` varchar(45) CHARACTER SET utf8 COLLATE utf8_general_ci NULL DEFAULT NULL,
  `status` int(11) NULL DEFAULT NULL,
  `create_time` datetime(0) NULL DEFAULT NULL,
  `update_time` datetime(0) NULL DEFAULT NULL,
  PRIMARY KEY (`id`) USING BTREE,
  UNIQUE INDEX `unique_user_username`(`username`) USING BTREE
) ENGINE = InnoDB AUTO_INCREMENT = 52 CHARACTER SET = utf8 COLLATE = utf8_general_ci ROW_FORMAT = Dynamic;

-- ----------------------------
-- Records of oauth_user
-- ----------------------------
INSERT INTO `oauth_user` VALUES (1, NULL, 'super', '$2a$10$cKRbR9IJktfmKmf/wShyo.5.J8IxO/7YVn8twuWFtvPgruAF8gtKq', NULL, '超级管理员', '2017-06-22 14:26:09', 1, NULL, NULL, 1, '2017-06-20 15:12:16', '2017-09-12 14:39:48');
INSERT INTO `oauth_user` VALUES (2, NULL, 'admin', '$2a$10$cKRbR9IJktfmKmf/wShyo.5.J8IxO/7YVn8twuWFtvPgruAF8gtKq', NULL, '管理员', NULL, 1, NULL, NULL, 1, '2017-06-26 17:31:41', NULL);
INSERT INTO `oauth_user` VALUES (3, NULL, 'yangxiufeng', '$2a$10$cKRbR9IJktfmKmf/wShyo.5.J8IxO/7YVn8twuWFtvPgruAF8gtKq', NULL, '秀秀1', NULL, 1, NULL, NULL, 1, '2017-08-30 10:34:59', '2017-09-18 16:10:22');
INSERT INTO `oauth_user` VALUES (4, NULL, 'test1', '$2a$10$cKRbR9IJktfmKmf/wShyo.5.J8IxO/7YVn8twuWFtvPgruAF8gtKq', NULL, 'test1', NULL, 1, NULL, NULL, 1, '2017-09-18 16:11:15', NULL);
INSERT INTO `oauth_user` VALUES (5, NULL, 'test2', '$2a$10$2Ymr8yTRdv3Fhp6tW8LIkuTDWM01qSbpSfHrhpQbxTt03APrHQTZy', NULL, 'test2', NULL, 1, NULL, NULL, 1, '2017-09-21 17:09:51', NULL);

-- ----------------------------
-- Table structure for rc_menu
-- ----------------------------
DROP TABLE IF EXISTS `rc_menu`;
CREATE TABLE `rc_menu`  (
  `id` varchar(64) CHARACTER SET utf8 COLLATE utf8_general_ci NOT NULL,
  `code` varchar(255) CHARACTER SET utf8 COLLATE utf8_general_ci NULL DEFAULT NULL COMMENT '菜单编码',
  `p_code` varchar(255) CHARACTER SET utf8 COLLATE utf8_general_ci NULL DEFAULT NULL COMMENT '菜单父编码',
  `p_id` varchar(255) CHARACTER SET utf8 COLLATE utf8_general_ci NULL DEFAULT NULL COMMENT '父菜单ID',
  `name` varchar(255) CHARACTER SET utf8 COLLATE utf8_general_ci NULL DEFAULT NULL COMMENT '名称',
  `url` varchar(255) CHARACTER SET utf8 COLLATE utf8_general_ci NULL DEFAULT NULL COMMENT '请求地址',
  `is_menu` int(11) NULL DEFAULT NULL COMMENT '是否是菜单',
  `level` int(11) NULL DEFAULT NULL COMMENT '菜单层级',
  `sort` int(11) NULL DEFAULT NULL COMMENT '菜单排序',
  `status` int(11) NULL DEFAULT NULL,
  `icon` varchar(255) CHARACTER SET utf8 COLLATE utf8_general_ci NULL DEFAULT NULL,
  `create_time` datetime(0) NULL DEFAULT NULL,
  `update_time` datetime(0) NULL DEFAULT NULL,
  PRIMARY KEY (`id`) USING BTREE,
  UNIQUE INDEX `FK_CODE`(`code`) USING BTREE
) ENGINE = InnoDB CHARACTER SET = utf8 COLLATE = utf8_general_ci ROW_FORMAT = Dynamic;

-- ----------------------------
-- Records of rc_menu
-- ----------------------------
INSERT INTO `rc_menu` VALUES ('000000000000000000', 'root', '0', '0', '系统根目录', '', 1, 0, 1, 1, NULL, '2017-08-03 18:31:54', NULL);
INSERT INTO `rc_menu` VALUES ('893287144657780736', 'system', 'root', '000000000000000000', '系统设置', 'system', 1, 1, 10, 1, '', '2017-08-04 09:47:06', NULL);
INSERT INTO `rc_menu` VALUES ('893288715881807872', 'userList', 'system', '893287144657780736', '用户管理', 'user/list', 1, 2, 1, 1, '', '2017-08-04 09:53:21', '2017-08-07 18:18:39');
INSERT INTO `rc_menu` VALUES ('893304960282787840', 'user/add', 'userList', '893288715881807872', '用户添加', 'user/add', 0, 3, 1, 1, '', '2017-08-04 10:57:54', '2017-08-08 11:02:55');
INSERT INTO `rc_menu` VALUES ('894396523532517376', 'user/edit', 'userList', '893288715881807872', '用户修改', 'user/edit', 0, 3, 1, 1, '', '2017-08-07 11:15:23', '2017-08-07 16:57:52');
INSERT INTO `rc_menu` VALUES ('894473486712438784', 'user/view', 'userList', '893288715881807872', '用户查看', 'user/View', 0, 3, 2, 1, '', '2017-08-07 16:21:12', NULL);
INSERT INTO `rc_menu` VALUES ('894473651837992960', 'user/delete', 'userList', '893288715881807872', '用户删除', 'user/delete', 0, 3, 4, 1, '', '2017-08-07 16:21:52', NULL);
INSERT INTO `rc_menu` VALUES ('894475142061621248', 'roleList', 'system', '893287144657780736', '角色管理', 'role/list', 1, 2, 2, 1, '', '2017-08-07 16:27:47', '2017-08-08 10:34:56');
INSERT INTO `rc_menu` VALUES ('894475827880656896', 'role/add', 'roleList', '894475142061621248', '角色添加', 'role/add', 0, 3, 1, 1, '', '2017-08-07 16:30:31', NULL);
INSERT INTO `rc_menu` VALUES ('894475985452269568', 'role/edit', 'roleList', '894475142061621248', '角色编辑', 'role/edit', 0, 3, 2, 1, '', '2017-08-07 16:31:08', NULL);
INSERT INTO `rc_menu` VALUES ('894476118730473472', 'role/delete', 'roleList', '894475142061621248', '角色删除', 'role/delete', 0, 3, 2, 1, '', '2017-08-07 16:31:40', '2017-08-07 16:37:24');
INSERT INTO `rc_menu` VALUES ('894476276402749440', 'role/permission', 'roleList', '894475142061621248', '角色配权', 'role/permission', 0, 3, 3, 1, '', '2017-08-07 16:32:18', NULL);
INSERT INTO `rc_menu` VALUES ('894476950951690240', 'menu/list', 'system', '893287144657780736', '菜单管理', 'menu/list', 1, 2, 2, 1, '', '2017-08-07 16:34:58', NULL);
INSERT INTO `rc_menu` VALUES ('894477107919323136', 'menu/add', 'menu/list', '894476950951690240', '菜单添加', 'menu/add', 0, 3, 1, 1, '', '2017-08-07 16:35:36', NULL);
INSERT INTO `rc_menu` VALUES ('894477244926263296', 'menu/edit', 'menu/list', '894476950951690240', '菜单编辑', 'menu/edit', 0, 3, 2, 1, '', '2017-08-07 16:36:08', NULL);
INSERT INTO `rc_menu` VALUES ('894477420512411648', 'menu/delete', 'menu/list', '894476950951690240', '菜单删除', 'menu/delete', 0, 3, 2, 1, '', '2017-08-07 16:36:50', NULL);
INSERT INTO `rc_menu` VALUES ('894477851082883072', 'apidoc', 'system', '893287144657780736', 'Api文档', 'swagger-ui.html', 1, 2, 9, 1, '', '2017-08-07 16:38:33', '2017-09-13 11:20:26');
INSERT INTO `rc_menu` VALUES ('894477995903811584', 'database/log', 'system', '893287144657780736', '数据库日志', 'druid', 1, 2, 10, 1, '', '2017-08-07 16:39:07', '2017-08-08 09:56:29');
INSERT INTO `rc_menu` VALUES ('894752734459199488', 'companyList', 'root', '000000000000000000', '公司管理', 'companyList', 1, 1, 1, 1, '', '2017-08-08 10:50:50', NULL);
INSERT INTO `rc_menu` VALUES ('903459378655395840', '/user/modify', 'userList', '893288715881807872', '密码重置', '/user/modify', 1, 3, 2, 1, '', '2017-09-01 11:27:56', NULL);

-- ----------------------------
-- Table structure for rc_privilege
-- ----------------------------
DROP TABLE IF EXISTS `rc_privilege`;
CREATE TABLE `rc_privilege`  (
  `role_id` int(11) NOT NULL,
  `menu_id` varchar(255) CHARACTER SET utf8 COLLATE utf8_general_ci NOT NULL,
  `create_time` datetime(0) NULL DEFAULT NULL,
  PRIMARY KEY (`role_id`, `menu_id`) USING BTREE
) ENGINE = InnoDB CHARACTER SET = utf8 COLLATE = utf8_general_ci ROW_FORMAT = Dynamic;

-- ----------------------------
-- Records of rc_privilege
-- ----------------------------
INSERT INTO `rc_privilege` VALUES (6, '893287144657780736', '2017-08-08 11:31:39');
INSERT INTO `rc_privilege` VALUES (6, '893288715881807872', '2017-08-08 11:31:39');
INSERT INTO `rc_privilege` VALUES (6, '893304960282787840', '2017-08-08 11:31:39');
INSERT INTO `rc_privilege` VALUES (6, '894396523532517376', '2017-08-08 11:31:39');
INSERT INTO `rc_privilege` VALUES (6, '894473486712438784', '2017-08-08 11:31:39');
INSERT INTO `rc_privilege` VALUES (6, '894473651837992960', '2017-08-08 11:31:39');
INSERT INTO `rc_privilege` VALUES (6, '894477851082883072', '2017-08-08 11:31:39');
INSERT INTO `rc_privilege` VALUES (6, '894477995903811584', '2017-08-08 11:31:39');
INSERT INTO `rc_privilege` VALUES (8, '893287144657780736', '2017-08-08 11:56:44');
INSERT INTO `rc_privilege` VALUES (8, '893288715881807872', '2017-08-08 11:56:44');
INSERT INTO `rc_privilege` VALUES (8, '893304960282787840', '2017-08-08 11:56:44');
INSERT INTO `rc_privilege` VALUES (8, '894396523532517376', '2017-08-08 11:56:44');
INSERT INTO `rc_privilege` VALUES (8, '894473486712438784', '2017-08-08 11:56:44');
INSERT INTO `rc_privilege` VALUES (8, '894473651837992960', '2017-08-08 11:56:44');
INSERT INTO `rc_privilege` VALUES (8, '894475142061621248', '2017-08-08 11:56:44');
INSERT INTO `rc_privilege` VALUES (8, '894475827880656896', '2017-08-08 11:56:44');
INSERT INTO `rc_privilege` VALUES (8, '894475985452269568', '2017-08-08 11:56:44');
INSERT INTO `rc_privilege` VALUES (8, '894476118730473472', '2017-08-08 11:56:45');
INSERT INTO `rc_privilege` VALUES (8, '894476276402749440', '2017-08-08 11:56:45');
INSERT INTO `rc_privilege` VALUES (8, '894476950951690240', '2017-08-08 11:56:45');
INSERT INTO `rc_privilege` VALUES (8, '894477107919323136', '2017-08-08 11:56:45');
INSERT INTO `rc_privilege` VALUES (8, '894477244926263296', '2017-08-08 11:56:45');
INSERT INTO `rc_privilege` VALUES (8, '894477420512411648', '2017-08-08 11:56:45');
INSERT INTO `rc_privilege` VALUES (8, '894477851082883072', '2017-08-08 11:56:45');
INSERT INTO `rc_privilege` VALUES (8, '894477995903811584', '2017-08-08 11:56:45');
INSERT INTO `rc_privilege` VALUES (8, '894752734459199488', '2017-08-08 11:56:45');
INSERT INTO `rc_privilege` VALUES (8, '894769217763540992', '2017-08-08 11:56:45');
INSERT INTO `rc_privilege` VALUES (17, '893287144657780736', '2017-09-14 18:40:48');
INSERT INTO `rc_privilege` VALUES (17, '894477851082883072', '2017-09-14 18:40:51');
INSERT INTO `rc_privilege` VALUES (17, '894477995903811584', '2017-09-14 18:40:53');
INSERT INTO `rc_privilege` VALUES (17, '894752734459199488', '2017-09-14 18:40:54');

-- ----------------------------
-- Table structure for rc_role
-- ----------------------------
DROP TABLE IF EXISTS `rc_role`;
CREATE TABLE `rc_role`  (
  `id` int(11) NOT NULL AUTO_INCREMENT,
  `name` varchar(255) CHARACTER SET utf8 COLLATE utf8_general_ci NULL DEFAULT NULL,
  `value` varchar(255) CHARACTER SET utf8 COLLATE utf8_general_ci NULL DEFAULT NULL,
  `tips` varchar(255) CHARACTER SET utf8 COLLATE utf8_general_ci NULL DEFAULT NULL,
  `create_time` datetime(0) NULL DEFAULT NULL,
  `update_time` datetime(0) NULL DEFAULT NULL,
  `status` int(11) NOT NULL,
  PRIMARY KEY (`id`) USING BTREE,
  UNIQUE INDEX `unique_role_name`(`name`) USING BTREE,
  UNIQUE INDEX `unique_role_value`(`value`) USING BTREE
) ENGINE = InnoDB AUTO_INCREMENT = 18 CHARACTER SET = utf8 COLLATE = utf8_general_ci ROW_FORMAT = Dynamic;

-- ----------------------------
-- Records of rc_role
-- ----------------------------
INSERT INTO `rc_role` VALUES (6, '管理员', 'admin', NULL, '2017-06-20 15:07:13', '2017-06-26 12:46:09', 1);
INSERT INTO `rc_role` VALUES (8, '超级管理员', 'super', NULL, '2017-06-20 15:08:45', NULL, 1);
INSERT INTO `rc_role` VALUES (17, '用户', 'user', NULL, '2017-06-28 18:50:39', '2017-07-21 09:41:28', 1);

-- ----------------------------
-- Table structure for rc_user_role
-- ----------------------------
DROP TABLE IF EXISTS `rc_user_role`;
CREATE TABLE `rc_user_role`  (
  `id` int(11) NOT NULL AUTO_INCREMENT,
  `user_id` int(11) NULL DEFAULT NULL,
  `role_id` int(11) NULL DEFAULT NULL,
  `create_time` datetime(0) NULL DEFAULT NULL,
  `create_by` varchar(255) CHARACTER SET utf8 COLLATE utf8_general_ci NULL DEFAULT NULL,
  PRIMARY KEY (`id`) USING BTREE
) ENGINE = InnoDB AUTO_INCREMENT = 24 CHARACTER SET = utf8 COLLATE = utf8_general_ci ROW_FORMAT = Dynamic;

-- ----------------------------
-- Records of rc_user_role
-- ----------------------------
INSERT INTO `rc_user_role` VALUES (1, 1, 8, '2017-09-11 13:02:45', NULL);
INSERT INTO `rc_user_role` VALUES (2, 2, 6, '2017-09-11 13:02:56', NULL);
INSERT INTO `rc_user_role` VALUES (3, 3, 17, '2017-09-11 13:03:12', NULL);
INSERT INTO `rc_user_role` VALUES (19, 5, 6, '2017-09-12 14:20:20', '超级管理员');
INSERT INTO `rc_user_role` VALUES (20, 4, 17, '2017-09-12 14:20:20', '超级管理员');
INSERT INTO `rc_user_role` VALUES (22, 5, 8, '2017-09-18 16:34:58', '超级管理员');
INSERT INTO `rc_user_role` VALUES (23, 5, 17, '2017-09-18 16:34:58', '超级管理员');

SET FOREIGN_KEY_CHECKS = 1;
